{"roc_auc": 0.1314272833974238, "accuracy": 0.1935491933367491, "precision": 0.04965372641209734, "recall": 0.0431994693347337, "f1_score": 0.046202279075954415}