{"accuracy": 0.4504692518213969, "precision": 0.45055344084944404, "recall": 0.9974221088812507, "f1_score": 0.6207176125582198, "roc_auc": 0.42032940698598}